khs.dssC,SC.6,nAtomLAC,khs.sCl,khs.dsssP,nRings7,MDEN.22,khs.sNH2,RPCS,ATSc4,BCUTc.1l,ATSc5,nAcid,BCUTp.1l,C4SP3,RNCS,Weta1.unity,LipinskiFailures,khs.dsN,Weta2.unity,khs.aaO,Weta3.unity,Wlambda2.unity,BCUTw.1l,khs.dsCH,khs.aaaC,geomShape,MDEN.23,topoShape,nBase,khs.dCH2
1,0.0895762464275441,0,0,0,2,0.0,0,0.18595495396931,-0.0977334813107262,-0.314392746417417,0.0388012741786009,0,4.74509598963147,0,2.03246071108334,0.5014462312104939,0,0,0.49310120431480103,0,0.48025816360970197,3.3254857025958597,11.999,0,0,0.842029823494,0.0,0.75,0,0
1,0.0958191595217549,4,0,0,2,0.0,0,0.349696470025298,-0.0940002140544051,-0.314124648466523,0.0361215284296581,0,4.47126852047957,0,0.9631565942740831,0.48163867366038793,1,0,0.3428128313902,0,0.4835466841642179,2.58399345350022,11.999,0,0,0.955475285459933,0.0,0.857142857142857,0,0
1,0.0958191595217549,0,0,0,2,0.0,0,0.586997922256499,-0.0936631155134389,-0.314390328247717,0.0332579108038828,0,4.43072168763072,0,2.52314496896713,0.531782471865918,0,0,0.476604351484396,0,0.46486095301712604,3.0912892266776497,11.999,0,0,0.780228990815185,0.0,0.75,0,0
1,0.0895762464275441,0,0,0,2,0.0,0,0.18595495396931,-0.0977334813107262,-0.314392746417417,0.0388012741786009,0,4.74509598963147,0,2.03246071108334,0.50093480331654,0,0,0.493064820110026,0,0.480258629941534,3.3218335854178704,11.999,0,0,0.8426424126933492,0.0,0.75,0,0
1,0.0895762464275441,4,0,0,2,0.0,0,0.135919590352373,-0.0932175454251842,-0.314402839064174,0.0208128711109738,0,5.030717044761531,0,1.7561166240097499,0.514989671158254,0,0,0.40608973313238206,0,0.42758504954543397,3.22892362362486,11.999,1,0,0.940693002399202,0.0,1.0,0,1
1,0.0895762464275441,4,0,0,2,0.0,0,0.11578528437275801,-0.0973631978602329,-0.31440201445255894,0.0385694310674201,0,5.0201699405767,0,1.8077096144832798,0.48925569266334495,0,0,0.39249036215136,0,0.449160017463829,3.23393081617082,11.999,0,0,0.9616593654814499,0.0,1.0,0,0
1,0.0895762464275441,4,0,0,2,0.0,0,0.0913088544868911,-0.0977002832521053,-0.314135619719976,0.0414334388097767,0,5.0607158003506605,0,0.96702519100023,0.447576331114674,1,0,0.3982602751722321,0,0.4400569319373279,7.087911807828981,11.999,0,0,0.6688097165082629,0.0,0.8888888888888891,0,0
1,0.0895762464275441,4,1,0,2,0.0,0,0.0696821315980434,-0.0980084604158981,-0.314135047445677,0.0279951499499228,0,5.062445911211519,0,0.934572021617621,0.45695562533256,1,0,0.44106719759728996,0,0.5061564780975151,8.48262484399601,11.999,0,0,0.7000733217992371,0.0,0.8888888888888891,0,0
2,0.0895762464275441,4,0,0,2,0.0,0,0.0856045778844567,-0.137087220871114,-0.31635772152465197,-0.19624801827014002,0,4.3495529183064505,0,1.7401817638354702,0.445869315208875,0,0,0.48502073297304704,0,0.42719266065756606,7.855534019967481,11.999,0,0,0.546180380798298,0.0,0.875,0,0
1,0.0895762464275441,4,0,0,2,0.0,0,0.101557348289764,-0.099980417820807,-0.314118141086621,0.0390705868766242,0,5.05454977450923,0,1.0143212046169001,0.47021069034382396,1,0,0.48664922630925894,0,0.479539948372618,6.650563148962459,11.999,0,0,0.732234467305971,0.0,0.857142857142857,0,0
1,0.0895762464275441,2,0,0,2,0.0,0,0.11818631649969198,-0.0973599336587515,-0.314395859031156,0.0385595418963993,0,4.90228256001586,0,1.95831324637679,0.496616065817786,0,0,0.45192183913157896,0,0.465838663291334,3.4673903574266296,11.999,0,0,0.75510488874809,0.0,1.0,0,0
1,0.0895762464275441,6,0,0,2,0.0,0,0.763877878311083,-0.0973631978706951,-0.31440808104187,0.0385694309825952,0,5.0496371370832405,0,1.8779769393987802,0.48345793312030205,1,0,0.36156366395379796,0,0.466187013132406,3.0070083590220897,11.999,0,0,0.8069038737329829,0.0,1.0,0,0
1,0.0895762464275441,3,0,0,2,0.0,0,0.22738204591588396,-0.0973663476105031,-0.314401962258266,0.0385791531605612,0,5.05946885479638,0,1.87451121605573,0.48588729515151596,0,0,0.439398039366222,0,0.503831929947563,3.00705045053192,11.999,0,0,0.8050417574740479,0.0,0.8,0,0
1,0.0895762464275441,5,0,0,2,0.0,0,0.7614059685359241,-0.0973631978811164,-0.31440802580987,0.0385694308981264,0,5.05946749910785,0,1.91222901701498,0.48221626003574697,1,0,0.379992404397204,0,0.516685867038903,3.12090853341246,11.999,0,0,0.868295387864625,0.0,0.833333333333333,0,0
1,0.0895762464275441,3,0,0,2,0.0,0,0.144721662413073,-0.09700580497290302,-0.31439889227212897,0.0383304868835776,0,5.05946962788295,0,1.93182170580173,0.518167207095616,0,0,0.45905550255328603,0,0.517731191432447,3.31697927093589,11.999,0,0,0.7738840427093829,0.0,1.0,0,0
1,0.0895762464275441,4,0,0,2,0.0,0,0.136145804119918,-0.0973632130285525,-0.314405002952824,0.0385693891853677,0,5.05946812560976,0,1.8190778523154199,0.505638747230149,1,0,0.40698636847085295,0,0.514625029254706,3.15136164063516,11.999,0,0,0.96164879379858,0.0,1.0,0,0
1,0.0958191595217549,3,1,0,2,0.0,0,0.305568427369989,-0.0943083903731558,-0.31412406566187895,0.0226832674065701,0,4.472998633028441,0,0.9818851336416851,0.495890855664609,1,0,0.42505335818004397,0,0.485878111346334,3.22697396945669,11.999,0,0,0.756396782785621,0.0,0.857142857142857,0,0
1,0.0958191595217549,2,0,0,2,0.0,0,0.315890301395711,-0.11319932805222802,-0.314106917339335,0.0430836154712007,0,4.47502610231629,0,0.991409780599207,0.499218523366568,0,0,0.345990100661218,0,0.451566873151144,2.65209445470577,11.999,0,0,0.809724372963037,0.0,0.833333333333333,0,0
1,0.0958191595217549,4,0,0,2,0.0,0,4.50328910537271,-0.0962803486376389,-0.314106704511049,0.0337586757514844,0,4.46510498068936,0,1.23264142626541,0.48483244157624106,0,0,0.417350337173049,0,0.43774082378444606,3.0189120350918,11.999,0,0,0.9658498878919959,0.0,0.8,0,0
2,0.0958191595217549,3,0,0,2,0.0,0,0.348931620858494,-0.13338710121031,-0.316354084807289,-0.20155869385928601,0,4.34494266234689,0,2.0649746188961897,0.456252260259817,0,0,0.409505821198499,0,0.40731726881444297,2.94859071073429,11.999,0,0,0.8974101414726751,0.0,0.833333333333333,0,0
1,0.0958191595217549,2,0,0,2,0.0,0,0.536119004295864,-0.0964039081268078,-0.31411108178784697,0.0338517777037315,0,4.45036969490985,0,1.22173193179457,0.500908978040097,0,0,0.43132352061129,0,0.43038643971763396,3.2119265882430796,11.999,0,0,0.7710331054738321,0.0,0.75,0,0
1,0.0958191595217549,0,0,0,2,0.0,0,0.9085501730015971,-0.0970508402470848,-0.31673619900148103,0.0502678975250593,0,4.39142496440541,0,3.8550998173407502,0.5606035085019649,0,0,0.501450673283291,0,0.49066436876080105,2.7768742306799306,11.999,0,0,0.7372556093086301,0.0,0.75,0,0
1,0.0958191595217549,3,0,0,2,0.0,0,0.5022425816405061,-0.0961595604030598,-0.314096318331287,0.0336646689780367,0,4.47001760305415,0,1.07557711479629,0.5330247376151861,0,0,0.417430227841205,0,0.47800650074079903,2.99034376789615,11.999,0,0,0.8097212850871809,0.0,0.6,0,0
1,0.0958191595217549,3,0,0,2,0.0,0,0.517828377999029,-0.0962799119228115,-0.31410377744820395,0.0337568343850944,0,4.460193386324519,0,1.17454818395749,0.4897750022962771,0,0,0.41010156299257794,0,0.418163898361291,3.04117033193533,11.999,0,0,0.8210211502307071,0.0,0.6,0,0
1,0.0895762464275441,3,1,0,2,0.0,0,0.07528691227836999,-0.0942812230158324,-0.31441944153844303,0.0486221010878916,0,5.08332493943713,0,1.5983984422234498,0.470823191540642,1,0,0.35134729720540897,0,0.481006775532834,3.17568071837004,11.999,0,0,0.8428580280259359,0.0,1.0,0,0
1,0.210854729866001,0,0,0,2,0.0,0,1.86152745358803,-0.139074872188079,-0.31439629399180297,0.0459252004821264,0,5.9124682546596805,0,1.97390353863439,0.521090579923321,0,0,0.496692059005309,0,0.49914301591394,3.78556144588317,11.999,0,0,0.7857590843620591,0.0,1.0,0,0
1,0.210854729866001,0,0,0,2,0.0,0,0.197007133861962,-0.152148291668137,-0.392341514275442,0.0477415456318379,0,4.8564591018355,0,3.0403782837129,0.524602984925529,0,0,0.456525912992195,0,0.499694747546866,3.76914084828169,11.999,0,0,0.7907925905077628,0.0,1.0,0,0
2,0.0895762464275441,0,0,0,2,0.0,0,0.7138363734688209,-0.11433643877258699,-0.31436457425664505,0.0610454467190939,0,4.83547089063793,0,2.30369304426229,0.514349344315208,0,0,0.5175623008879611,0,0.5138961774594439,3.4391090816859595,11.999,0,0,0.7358035903912841,0.0,0.75,0,1
1,0.0895762464275441,2,0,0,2,1.0,0,0.0236085919571302,-0.0886244909458051,-0.314402480087452,0.0905065760892794,0,4.88479200973154,0,1.68576778415562,0.500435217653691,0,2,0.417100224581154,0,0.41252689186159097,3.2234928910823304,11.999,0,0,0.9147001408742459,0.0,1.0,0,0
2,0.0895762464275441,2,0,0,2,0.0,0,0.335700943513972,-0.0947770133101537,-0.314367416178928,0.0503744937336696,0,4.992657529791661,0,2.25502544801469,0.493277776569484,0,0,0.424628899770296,0,0.43290588564959204,3.73232714422115,11.999,1,0,0.6687391730380021,0.0,1.0,0,0
1,0.0895762464275441,2,0,0,2,0.0,0,0.11818631649969198,-0.0973599336587515,-0.314395859031156,0.0385595418963993,0,4.90228256001586,0,1.95831324637679,0.496616065817786,0,0,0.45192183913157896,0,0.465838663291334,3.4673903574266296,11.999,0,0,0.75510488874809,0.0,1.0,0,0
2,0.0895762464275441,0,0,0,2,0.0,0,0.9380971187581021,-0.0436213376034764,-0.31438345609317603,-0.0521339992909883,0,4.5112198170935,0,1.8177928348952201,0.507920084701575,0,0,0.39015478218611205,0,0.433719388862367,3.0935642873223705,11.999,0,0,0.7852612314704279,0.0,0.75,0,0
1,0.0895762464275441,5,0,0,2,0.0,0,0.0842675550622683,-0.0973631978706941,-0.314405058128543,0.0385694309826145,0,5.03981583927536,0,1.7541811096386901,0.4872522718130471,1,0,0.37702568377695,0,0.45346740714063793,3.0750973332457594,11.999,0,0,0.8683309297481491,0.0,0.833333333333333,0,0
1,0.0895762464275441,4,0,0,2,0.0,0,0.119023664511979,-0.0966337895093257,-0.314419852947948,0.0420676689599617,0,5.069485848716259,0,1.51166408365445,0.467370866456075,1,0,0.360851556735252,0,0.49370080725685106,2.7734598030315096,11.999,0,0,0.931523211997802,0.0,1.0,0,0
1,0.0895762464275441,2,0,0,2,0.0,0,0.6709164337931801,-0.0928266248936492,-0.314413954368895,0.0216205378977003,0,5.09954218817192,0,1.84298945607099,0.481963156070476,1,0,0.37996191326894996,0,0.466134081372348,2.8691144016467796,11.999,0,0,0.860710714428225,0.0,1.0,0,0
1,0.0895762464275441,3,0,0,2,0.0,0,0.809017036557105,-0.0939209288945925,-0.314416910717928,0.0431694895126621,0,5.0795047485515,0,1.7986407534311297,0.470325024220675,1,0,0.35043224857036503,0,0.49215862174702296,3.15200016199153,11.999,0,0,0.898603630374068,0.0,0.857142857142857,0,0
1,0.0895762464275441,3,0,0,2,0.0,0,0.11445396792507401,-0.0973631825229362,-0.314398949350493,0.0385694734262635,0,4.9808749759775095,0,1.9281841958258403,0.49307261091793897,0,0,0.41925187570628597,0,0.44451649895290596,3.2832550127890996,11.999,0,0,0.818187490958606,0.0,0.8,0,0
0,0.0895762464275441,2,0,0,1,0.0,0,0.261271282426698,-0.10574064061115401,-0.35794786396116496,0.0197403128000745,0,5.042956283132731,0,0.889171783447794,0.46855853613259596,0,0,0.422519815497595,0,0.406660847737714,4.01428164762506,11.9966689875914,0,0,0.8806673856643829,0.0,0.8,0,0
0,0.0895762464275441,0,0,0,1,0.0,0,3.2739319586169398,-0.0417457485757979,-0.36725616832767705,-0.0420388275615483,0,5.190845645052081,0,4.844286025674941,0.480582114491734,0,0,0.5126818206968771,0,0.492267528354998,4.0694792729453795,11.996683082097,0,0,0.781568644322102,0.0,0.75,0,0
1,0.0895762464275441,4,0,0,1,0.0,0,0.280933273278455,-0.0717337050242401,-0.357818707729541,-0.026379045715782996,0,5.0487364627960405,0,1.22038727862485,0.32311392180989695,1,0,0.38223208131563896,0,0.46573122787630394,3.1516890034753797,11.996636693043401,0,0,0.961171458742095,0.0,0.857142857142857,0,0
1,0.0895762464275441,3,0,0,1,0.0,0,0.09363500744326599,-0.0724609601349992,-0.357807338142794,-0.0298464100860592,0,4.96012561733035,0,1.4617254186558202,0.473596079435241,0,0,0.40061135475723497,0,0.4273360113053761,3.72469809688136,11.9966689875914,0,0,0.768125027990952,0.0,1.0,0,0
1,0.0895762464275441,6,0,0,1,0.0,0,0.909037803727004,-0.0724609754574956,-0.3578122934768979,-0.0298464519221248,0,5.02888884714114,0,1.2979461230249398,0.464987396361822,1,0,0.353423139242366,0,0.456808024486349,3.3041577562492,11.996652640989302,0,0,0.906591010873622,0.0,0.833333333333333,0,0
0,0.0895762464275441,0,0,0,1,0.0,0,0.0809728517771809,0.0407429799708766,-0.35791705900858795,-0.0584282886328853,0,6.505669466854419,0,4.49589777700221,0.479141518235765,0,0,0.539638423621694,0,0.490960083272817,3.83176507369031,11.996683086662099,0,0,0.78166683373771,0.0,1.0,0,0
0,0.0895762464275441,4,0,0,1,0.0,0,0.0723396482131965,0.0407758355882787,-0.35792065322751293,-0.058440541420655,0,5.31557525472024,0,3.8568361310886097,0.46849175990084,0,0,0.38299688455173003,0,0.425572707181625,3.58303248661443,11.996662998928599,0,0,0.965345888225859,0.0,0.8,0,0
1,0.0895762464275441,4,0,0,1,0.0,0,0.8811058248302801,-0.0724609905903517,-0.35781062567783295,-0.0298464931185428,0,5.038718762190361,0,1.36989134191637,0.499588936404553,1,0,0.386531672984221,0,0.504640698470234,3.4916274775753795,11.996657572648498,0,0,0.9571136164842411,0.0,0.8,0,0
1,0.0958191595217549,3,0,0,1,0.0,0,0.806323215044633,-0.0181315910870836,-0.357663481155189,-0.27981073481713603,0,4.36072827686002,0,2.50294734861373,0.46831153540282106,0,0,0.44962023693542497,0,0.40347759197014205,3.05639034962151,11.9966629922714,0,0,0.8215983288749509,0.0,0.833333333333333,0,0
1,0.0958191595217549,2,0,0,1,0.0,0,0.0548487980858931,-0.0928762714767654,-0.35754335919017405,-0.00557907361842173,0,4.4542764800293,0,1.0081267215352399,0.474271836506677,0,0,0.377125981177702,0,0.445674990989729,2.6189131909178998,11.996648136478601,0,0,0.772414057354659,0.0,0.833333333333333,0,0
1,0.0958191595217549,2,0,0,1,0.0,0,1.2191929501073702,-0.0747306578443313,-0.357554782211573,-0.027096002869348,0,4.429620128875469,0,1.33153002306835,0.4893342321890511,0,0,0.45063272473957894,0,0.44766997492123,3.15034525412166,11.996683082097098,0,0,0.8430347196473621,0.0,0.75,0,0
1,0.0958191595217549,3,0,0,1,0.0,0,0.366083171845224,-0.0744502983268178,-0.357538203024389,-0.0274651420876949,0,4.44926800556657,0,0.7144970490157739,0.4704604197218821,0,0,0.442505278766611,0,0.46329476020252297,3.0069544440953897,11.9966689875914,0,0,0.795404139600853,0.0,0.6,0,0
0,0.0958191595217549,3,0,0,1,0.0,0,0.574189639749301,0.0361088840345345,-0.3576535318926021,-0.055387660407735996,0,6.08959765625,0,3.4934345427716202,0.499611507042802,0,0,0.4539822040905189,0,0.45670961844243696,3.0473534938184303,11.9966689912692,0,0,0.796880302340751,0.0,1.0,0,0
1,0.0895762464275441,2,0,0,1,0.0,0,0.29688316039541995,-0.0681942437413777,-0.357815486199433,-0.048013638743537,0,5.07879280789604,0,1.3512768418218501,0.320027560861446,0,0,0.40868526469790706,0,0.444322560601215,3.42894785086062,11.9966440057149,0,0,0.775068016412925,0.0,0.833333333333333,0,0
1,0.0895762464275441,3,0,0,1,0.0,0,0.4155600244053621,-0.0690495228576738,-0.357817104217456,-0.0255173634263772,0,5.058755363692749,0,1.2241670635264499,0.399056633498548,1,0,0.374136893745391,0,0.500764336959514,3.284498699055,11.996640203873,0,0,0.6591420650231109,0.0,1.0,0,0
1,0.0895762464275441,0,0,0,1,0.0,0,0.5014201833696971,-0.0728487760749304,-0.357804523724917,-0.0296586033626417,0,4.72434649372501,0,1.6053468547544398,0.45078391931446,0,0,0.5206324386058521,0,0.5140097020823939,3.73164162852723,11.996683082097,0,0,0.758391253404278,0.0,0.75,0,0
0,0.0895762464275441,0,0,0,2,0.0,0,0.0,0.0011734685113429198,-0.348671323983212,0.0306043666583532,0,6.3497444903880504,0,3.8074004035600697,0.48668734429363303,0,0,0.506858253211087,0,0.48081718521346,3.3946107197082998,11.999,0,0,0.8441010372250071,0.0,0.75,0,0
0,0.0895762464275441,0,0,0,2,0.0,0,3.1294236212751003,-0.0716071711155344,-0.36720569889664395,0.0432614538183149,0,5.21159498108803,0,4.55981547962278,0.49163154435501705,0,0,0.48851541770185003,0,0.49557340249361403,3.6242095809011,11.999,0,0,0.843742301160043,0.0,0.75,0,0
0,0.0895762464275441,2,0,0,2,0.0,0,0.0,-0.138315428350991,-0.351972720042101,0.0975351824917399,0,5.04814323568292,0,0.783351457070622,0.45049966642200606,0,0,0.415825603937411,0,0.432689530105772,4.1541077436383995,11.999,0,0,0.757536024160227,0.0,0.8,0,0
0,0.0895762464275441,4,0,0,2,0.0,0,2.8032981844738503,-0.0714909135346491,-0.36720320146102897,0.0431899684335519,0,5.32809098618613,0,4.2012957584217,0.504325216298539,0,0,0.43733719040895497,0,0.438013667176769,3.13293272667822,11.999,0,0,0.9650732227460741,0.0,1.0,0,0
0,0.0958191595217549,0,0,0,2,0.0,0,0.0,0.0017064352054178698,-0.348940239303978,0.0291338907086238,0,6.330098108555701,0,4.20409395227192,0.50041276502345,0,0,0.468159943400502,0,0.43305909369387396,3.28414774532334,11.999,0,0,0.786810604589583,0.0,0.5,0,0
0,0.228113628298213,0,0,0,2,0.5,0,0.0,-0.142325287931919,-0.328439664130983,0.12482798734168099,0,6.49166445818596,0,1.93592745073477,0.34987258570805696,0,0,0.42693878706143296,0,0.35165096945155894,4.59520646359249,11.9989999999999,0,0,0.8465035009753721,0.0,1.0,0,0
0,0.21282167670885702,0,0,0,2,0.0,1,0.0,-0.0623298862601538,-0.338955919853159,0.07093027649345401,0,5.11339170287092,0,1.34326546266502,0.413295608871025,1,0,0.37214241892129496,0,0.4227262913382321,3.67020877548525,11.9989999999999,0,0,0.9460284290845241,0.0,0.833333333333333,0,0
0,0.21282167670885702,0,0,0,2,0.0,1,0.0,0.0160479051005767,-0.33905322110709896,-0.008900008572799541,0,5.69166950599625,0,1.37856119966117,0.41111215894628494,1,0,0.370432945705759,0,0.42355463676666794,3.66086912163027,11.999,0,0,0.945628336521114,0.0,0.833333333333333,0,0
0,0.228113628298213,0,0,0,2,0.5,0,0.0,-0.10760424815131901,-0.328458431484486,0.0875426425173269,0,6.47910161490703,0,1.62852564685776,0.32956499268659195,1,0,0.42798350763785,0,0.38718863754616295,4.51825011837633,11.999,0,0,0.862265930015893,0.0,0.833333333333333,0,0
0,0.228113628298213,0,0,0,2,1.5,0,0.7349850503710441,-0.22148723379056603,-0.328415007719294,0.16764108061839403,0,6.33059298663902,0,1.66339577325302,0.336853524122788,0,0,0.4289654291296379,0,0.381315608804523,4.55473532858826,11.999,0,0,0.860201758030759,0.0,0.833333333333333,0,0
0,0.0895762464275441,0,0,0,2,0.0,0,0.0,-0.153638758092294,-0.35490946779558596,0.11580760724758,0,4.96929436756709,0,2.3345062997122996,0.47340023126500397,0,0,0.471671398425486,0,0.541534516908293,4.16115010312516,11.999,0,0,0.8116947782335558,0.0,1.0,0,0
0,0.0895762464275441,2,0,0,2,0.0,0,0.0,-0.138315428350991,-0.351972720042101,0.0975351824917399,0,5.04814323568292,0,0.783351457070622,0.450533972513007,0,0,0.413379941024028,0,0.42399440894067897,4.22232999822638,11.999,0,0,0.780796175021024,0.0,0.8,0,0
0,0.0895762464275441,4,0,0,2,0.0,0,0.0,0.00120354017929478,-0.348669962305296,0.0305843746008487,0,5.3133939480156,0,3.29875175346256,0.505379265912417,1,0,0.447407834091532,0,0.44266840982456995,2.9268024533040102,11.999,0,0,0.963666946275778,0.0,1.0,0,0
0,0.0895762464275441,2,0,0,2,0.0,0,0.0,0.00120373820705688,-0.348664385253638,0.0305839323886309,0,5.872596307616531,0,3.4984893208676,0.5063993035363621,0,0,0.47461462346760497,0,0.467638609989442,3.2206924361739397,11.999,0,0,0.803599276272191,0.0,1.0,0,0
0,0.0895762464275441,3,0,0,2,0.0,0,0.0,-0.138180400622479,-0.35196757974907206,0.0974106791266456,0,5.10708644657933,0,0.710538524972837,0.451424798842567,0,0,0.46263943204913505,0,0.536050263564782,5.16343103235931,11.999,0,0,0.778015075801912,0.0,0.8,0,0
0,0.0958191595217549,2,0,0,2,0.0,0,0.0,-0.13490149005316002,-0.352262665812885,0.0940449673966865,0,4.96954972797949,0,3.25223051714569,0.427952236864066,0,0,0.3723195192587829,0,0.36870313817402794,4.14425005672793,11.996675639724,0,0,0.79759742598887,0.0,0.8,0,0
0,0.0895762464275441,2,0,0,2,0.0,0,0.0,-0.13817981386319597,-0.35196506439271896,0.0974086625248177,0,5.08743938473545,0,0.69274139839414,0.46029123728526794,0,0,0.501875666904511,0,0.5304883008596389,4.672056128851009,11.999,0,0,0.763922462781417,0.0,0.8,0,0
0,0.0895762464275441,3,0,0,2,0.0,0,3.06581942617804,0.0167713142007132,-0.395782659387678,-0.0423078664671153,0,4.1103198652874,0,7.01338471696082,0.4445323002629051,0,0,0.39756588284079103,0,0.42898991165291994,4.08170052775246,11.999,0,0,0.872448435097132,0.0,1.0,0,0
0,0.0895762464275441,4,0,0,2,0.0,0,0.0,0.0125656255575644,-0.345402966765896,0.0280387236173516,0,5.284317642176441,0,0.997207494351463,0.426261038544855,1,0,0.394418825795589,0,0.443279207892455,4.06111819879054,11.999,0,0,0.8434570604009008,0.0,1.0,0,0
1,0.0895762464275441,2,0,0,2,0.0,0,0.819232421300102,0.0919572061316511,-0.341548855177508,-0.12156611870964801,0,4.153879438625419,0,0.7043910453110601,0.396368547713281,0,0,0.3809380267930271,0,0.365668411956424,4.06747530030274,11.999,0,0,0.812547352646264,0.0,1.0,0,0
1,0.0895762464275441,3,0,0,2,0.0,0,1.5993933616511202,-0.321977774596343,-0.351204206036445,0.357113602847894,0,4.0164037580077006,0,0.548926476949353,0.40352279862119605,0,0,0.390796943749853,0,0.354154704486015,4.17325749014521,11.999,0,0,0.797643511082045,0.0,1.0,0,0
1,0.0895762464275441,0,0,0,2,0.0,0,2.19327454855484,-0.18952042730274302,-0.347129779580254,0.124546674228181,0,4.4328352418287995,0,0.32650464457926004,0.41720253948044894,0,0,0.334360522213889,0,0.390573448634903,3.44152557868968,11.85,0,0,0.913949963250347,0.0,0.875,0,0
1,0.0895762464275441,4,0,0,2,0.0,0,3.26418695850882,-0.18484784965721202,-0.35171868554293,-0.044534360032812005,0,4.02625964273993,0,0.518826112114658,0.38710184577036405,0,0,0.3606662559759621,0,0.360488184777375,3.85548155358352,11.999,0,0,0.961809263950275,0.0,0.857142857142857,0,0
0,0.0895762464275441,0,0,0,2,0.0,0,0.0,-0.142467970893109,-0.351156132091342,0.10097346114568499,0,6.41800699500906,1,0.11395662376905401,0.44976043872810795,1,0,0.376779830688336,0,0.6147413033788559,3.59644822397371,11.999,0,0,0.7778327775499229,0.0,1.0,0,0
1,0.0958191595217549,3,0,0,2,0.0,0,0.676279731749074,-0.0381121592858899,-0.34898329518769605,-0.206802285611952,0,4.343692870664309,0,2.8026854342724703,0.452909185987766,0,0,0.426560587354325,0,0.39883989872427,2.9833340230182004,11.999,0,0,0.8948521080263969,0.0,0.833333333333333,0,0
0,0.0958191595217549,3,1,0,2,0.0,0,0.0,0.00110092553593885,-0.348964793798111,0.018788733052906997,0,6.05276280965032,0,3.55541479331683,0.468583366622944,1,0,0.45391866211493703,0,0.47664109655854503,3.17014951854383,11.999,0,0,0.754564802727098,0.0,0.857142857142857,0,0
0,0.0958191595217549,4,0,0,2,0.0,0,0.0,-0.000866073630288036,-0.348948453351092,0.0299262956301563,0,5.277381850032509,0,4.14984483255921,0.46962984029245897,0,0,0.437233080057497,0,0.42915494949986205,3.09435162275423,11.999,0,0,0.9524300905389929,0.0,0.8,0,0
0,0.0958191595217549,0,0,0,2,0.0,0,0.0,-0.000989709954504752,-0.348942688577514,0.0300180483524364,0,5.72854736735474,0,4.51411982784979,0.485817889964494,0,0,0.454949315801832,0,0.42351878221317296,3.30559518766657,11.999,0,0,0.763077227851928,0.0,0.75,0,0
0,0.0958191595217549,3,0,0,2,0.0,0,0.0510540438670985,-0.000745210555384106,-0.348948406037956,0.0298335992330034,0,6.05552734375,0,4.117735566718149,0.519024537451795,0,0,0.43796791262487894,0,0.469583123721166,3.07830485789171,11.999,0,0,0.808117308776879,0.0,0.6,0,0
0,0.0958191595217549,3,0,0,2,0.0,0,0.184663935581965,-0.000865636955178834,-0.348945579965088,0.0299244532977623,0,5.42777057467893,0,4.301271847248921,0.475009315367906,0,0,0.43247642892333205,0,0.410068880186164,3.12921765767982,11.999,0,0,0.8141116012158119,0.0,0.6,0,0
0,0.0958191595217549,4,0,0,2,0.0,0,0.0,0.00141379124851212,-0.34896521464447,0.0322841855345356,0,6.56712613236297,0,3.1978951571130403,0.4585526420250471,1,0,0.370937307176666,0,0.4735515496907079,2.58925138912606,11.999,0,0,0.955609654845601,0.0,0.857142857142857,0,0
0,0.0958191595217549,2,0,0,2,0.0,0,0.0,-0.0178463912536369,-0.348959672565993,0.0387645499348267,0,6.595325423426809,0,3.28358720292558,0.472936062589567,0,0,0.37174087980419607,0,0.441217892363419,2.69337791269374,11.999,0,0,0.813181259561764,0.0,0.833333333333333,0,0
0,0.0895762464275441,0,0,0,2,0.0,0,3.62850700602557,0.0844273937892872,-0.375059741943351,-0.0870381988314859,0,3.77551415324273,0,1.6214247784275502,0.48782457970615506,0,0,0.435849756402391,0,0.461725047275762,4.00265530551886,11.999,0,0,0.7393974353983921,0.0,0.6,0,0
0,0.0895762464275441,0,0,0,2,0.0,0,3.5822310272560496,-0.17738468948658898,-0.395301695255171,0.08475662999077,0,3.8247013833567296,0,3.5997329203523396,0.475508108218346,0,0,0.44535681536155797,0,0.478839398280494,3.9871681858537,11.999,0,0,0.702155528628571,0.0,0.6,0,0
1,0.0895762464275441,0,0,0,2,0.0,0,3.09328499118542,-0.0877686007167538,-0.363980852427719,0.0658638252320641,0,5.301969811726111,0,5.25860215091267,0.510827953632325,0,0,0.5084568173474451,0,0.48525813967127895,3.84479384302118,11.999,0,0,0.800710817501487,0.0,0.75,0,1
0,0.26263142516263804,0,0,0,2,0.0,0,2.52609458732344,-0.0330484618379027,-0.38408893145004497,-0.0259996336024821,0,5.329218704793781,0,4.06562698637166,0.49948240867152205,0,0,0.489044650540948,0,0.515083260935739,3.68311854043529,11.999,0,0,0.845796992119648,0.0,0.75,0,0
0,0.0895762464275441,5,0,0,2,0.0,0,0.0,0.00120354017925381,-0.34867279833225706,0.0305843746003752,0,5.22019309593769,0,3.1535147275146604,0.496480191712995,1,0,0.43640471003393894,0,0.436904384158305,2.8103589417901897,11.999,0,0,0.906307543480452,0.0,0.833333333333333,0,0
0,0.0895762464275441,3,0,0,2,0.0,0,0.0,0.0027457278435333104,-0.34868386779341104,0.0339204855074754,0,6.3706384861642995,0,2.90579596473055,0.49925338947804704,1,0,0.48549198378786695,0,0.47305149946452507,2.9836702298037303,11.999,0,0,0.8638021609219709,0.0,0.857142857142857,0,0
0,0.0895762464275441,3,0,0,2,0.0,0,0.0,0.0012035404245316198,-0.348667109309451,0.0305843757959981,0,5.499795134085599,0,3.45420822131047,0.496171791905656,0,0,0.45396469388620003,0,0.443013605502261,3.05411061771892,11.999,0,0,0.794746336454785,0.0,0.8,0,0
0,0.0895762464275441,2,0,0,2,0.0,0,0.15017109097171,-0.110817077058637,-0.345205311732122,0.23521470131844,0,3.466150390625,0,0.518930116214116,0.453976113928067,0,0,0.44254333263110796,0,0.535453207936671,4.1170315445199,11.999,0,0,0.7368941487305991,0.0,0.8,0,0
0,0.0895762464275441,3,0,0,2,0.0,0,1.46734634268853,-0.0885420795193968,-0.345196009575427,0.20102954313395802,0,4.094900390625,0,0.5531092099156271,0.44986172339365105,1,0,0.406781215708784,0,0.460240466364603,4.08829374503914,11.999,0,0,0.8183194319881929,0.0,0.8,0,0
0,0.0895762464275441,0,0,0,2,0.0,0,0.0,-0.0038373283623676603,-0.31720398617520695,-0.0294545902341447,0,5.9505751953125,0,1.49245190180566,0.44645013107948794,0,0,0.39014470832818704,0,0.515790820872176,4.02932203486301,11.999,0,0,0.829356887841802,0.0,1.0,0,0
1,0.0833333333333333,0,0,0,0,0.0,0,0.7154552089166809,-0.110506175932775,-0.314694375271572,0.0479691066671774,0,4.38386963216088,0,1.68964210388564,0.515053347637161,0,0,0.367090289157193,0,0.528321630674705,1.9370206580710398,11.9,0,0,0.7444361339594542,0.0,0.75,0,0
1,0.0756873575386552,4,0,0,0,0.0,0,0.41604633764179105,-0.114224024455349,-0.31470609051582205,0.0534111793755309,0,4.97331772158284,0,2.46223796203152,0.46910399948540005,0,0,0.4026254968209121,0,0.43175740381593897,2.84705227423818,11.9,0,0,0.9456032005924209,0.0,1.0,0,0
1,0.0756873575386552,2,0,0,0,0.0,0,0.09337706612722001,-0.11997883700421101,-0.332774305466305,0.0551151065697429,0,4.73753970315558,0,1.4912823086296103,0.424230308386438,0,0,0.521619999509307,0,0.548929557761162,3.46874154364787,11.996683077532198,0,0,0.6977020937183029,0.0,1.0,0,0
1,0.0756873575386552,0,0,0,0,0.0,0,0.0322373168862243,-0.11458533157224601,-0.314700209457604,0.0537144431097279,0,4.71789184558595,0,2.4642539465408198,0.44965394205712395,0,0,0.49012061426473297,0,0.5233916928547029,3.54542128667865,11.9,0,0,0.7465960368879169,0.0,0.75,0,0
1,0.0756873575386552,0,0,0,0,0.0,0,0.48773344478451197,-0.114594227073236,-0.314696813435549,0.053644198381137,0,4.69824372597274,0,2.68980546018072,0.48840339832416796,0,0,0.481733383016883,0,0.465688185091302,3.01396131275298,11.9,0,0,0.762945655664845,0.0,0.75,0,0
0,0.0756873575386552,4,0,0,0,0.0,0,0.0677756160774555,-0.0208905067222744,-0.34869889299548806,0.0480238906218176,0,5.29509375,0,4.1336574843913105,0.43499881397865703,1,0,0.44289320202847293,0,0.641660348046798,6.09156421527061,11.89,0,0,0.9093213916029801,0.0,1.0,0,0
0,0.0756873575386552,0,0,0,0,0.0,0,0.0,-0.0158424696279462,-0.348682795402477,0.04615576263399201,0,5.92859375,0,4.87881705489384,0.48074130642313706,0,0,0.467486427367492,0,0.495884550066692,2.8041773270104,11.89,0,0,0.92557751713073,0.0,0.75,0,0
1,0.10108217871568599,0,0,0,0,0.0,0,0.0938983380000029,-0.11257655677517099,-0.31469133056693604,0.0505464578377064,0,4.757188643430919,0,2.36465478099322,0.44607453810924397,0,0,0.46835210224501,0,0.539373486823467,3.36402753855808,11.89,0,0,0.746523946269317,0.0,0.75,0,0
0,0.10206207261596599,0,0,0,2,0.0,0,0.0,-0.00156798930622853,-0.22441864111902396,0.00336535682655949,0,6.72829052734375,0,1.8440455165824199,0.40309927017185293,0,0,0.569464322476148,0,0.46219729235551,1.84627943623562,11.85,0,0,0.784885639302553,0.0,0.833333333333333,0,0
0,0.10206207261596599,0,0,0,2,0.0,0,0.0,0.0295112315465215,-0.349655782489428,0.0112597931797806,0,4.78120681762695,0,5.3367614727462,0.42780964845346703,0,0,0.5502703240820379,0,0.46528887448483897,2.02169008872334,11.85,0,0,0.8308218217853759,0.0,0.875,0,0
0,0.10206207261596599,0,0,0,2,0.0,0,0.0,-0.00130835062641901,-0.323397848923309,0.00322284888391917,0,6.76758740234375,1,0.604021413584016,0.418516943252524,1,0,0.39539512125584403,0,0.402967790499023,2.93092978718076,11.999,0,0,0.7856022479575909,0.0,0.833333333333333,0,0
0,0.10206207261596599,0,0,0,2,0.0,0,1.40798687334286,-0.207314962197076,-0.322339200660055,0.162986335455215,0,6.80700927734375,0,4.04433867554483,0.40662912716179,0,0,0.524516910392961,0,0.470232338857781,1.94423999078849,11.999,0,0,0.775610547621481,0.0,0.833333333333333,0,0
0,0.26872873928263197,0,0,0,2,0.0,0,4.31677240965529,0.0484285115893543,-0.321990447308432,-0.174854484598514,0,6.8067216796875,0,1.00814606499743,0.3459480231933211,0,0,0.44997056280748704,0,0.40296279257818496,5.29814512000693,11.999,0,0,0.79058325079144,0.0,0.833333333333333,0,0
0,0.10206207261596599,0,0,0,2,0.0,0,0.0,0.125785525457051,-0.37389157355231895,0.009156534590642959,0,6.70369677734375,0,5.269182621751559,0.31312672984979195,0,0,0.511046772377561,0,0.480848720720916,1.7734716985638002,11.85,0,0,0.8050599704371971,0.0,0.833333333333333,0,0
1,0.0895762464275441,3,0,0,2,0.0,0,1.96676314891332,-0.10112043361175999,-0.32494080520284,0.0525634505625737,0,5.38925394334433,0,0.6367569093200339,0.45040935882913397,0,0,0.38603783953213294,0,0.42373819728098794,3.1511394656284906,11.999,0,0,0.8209951909630341,0.0,1.0,0,0
1,0.0895762464275441,2,0,0,2,0.0,0,0.27157547978958996,-0.0824763796984157,-0.324937686044324,0.0225998819903186,0,5.40929142684198,0,1.04303659892101,0.423899991228678,0,0,0.404456914737658,0,0.380124019301785,3.5967190289807003,11.999,0,0,0.810728750680626,0.0,0.833333333333333,0,0
1,0.0895762464275441,5,0,0,2,0.0,0,0.34097310282781707,-0.0957677583818356,-0.324928897227943,0.039218287760686005,0,5.22320680363267,0,0.814605767752865,0.402014595441089,0,0,0.35756638892986403,0,0.384483833549369,3.3766257348757005,11.999,0,0,0.725872411580645,0.0,1.0,0,0
1,0.0895762464275441,4,0,0,2,0.0,0,0.364741038428931,-0.0957540000858012,-0.32492884543688105,0.0391869330802764,0,5.36921662713604,0,0.686218257444869,0.40021716671525703,0,0,0.389754576865812,0,0.4510988736963929,3.64448299176542,11.999,0,0,0.700637819308203,0.0,0.8,0,0
1,0.0895762464275441,0,1,0,2,0.0,0,1.6457413274421102,-0.11016845789131001,-0.32492626302634803,0.0505317863668779,0,5.4646467688375,0,0.630480831017788,0.40591812058859006,0,0,0.43330612974982896,0,0.401606666445899,3.06797043783906,11.999,0,0,0.8192681361609959,0.0,0.833333333333333,0,0
1,0.0895762464275441,3,0,0,2,0.0,0,0.34887321719166803,-0.0966468159265497,-0.324925629558062,0.0403446133079588,0,5.36921784486407,0,0.70795902382854,0.38443361787944,0,0,0.43240475771259,0,0.500164375533697,3.5116685581340294,11.999,0,0,0.826182169257053,0.0,1.0,0,0
1,0.0895762464275441,0,0,0,2,0.0,0,0.277114513019949,-0.11344166067821901,-0.324923701193021,0.0460088475418191,0,5.44936600154121,0,0.7627340014041871,0.40627245605745704,0,0,0.431210452981275,0,0.415594362941416,3.0663921687294398,11.999,0,0,0.7750317763538841,0.0,1.0,0,0
1,0.0895762464275441,0,0,0,2,0.0,0,2.8819037465975295,-0.109263205387464,-0.32492664057855,0.0460098588994384,0,5.05484570356407,0,0.816129454511764,0.46240633055433794,0,0,0.517316638354178,0,0.44852242042561896,3.44397217177517,11.999,0,0,0.78788600687972,0.0,0.75,0,0
1,0.0895762464275441,0,0,0,2,0.0,0,0.37303975932538597,-0.0766956549105067,-0.325143795555068,0.0384327392118588,0,5.0548457196698795,0,2.06197902547921,0.474668133471448,0,0,0.5082628363033189,0,0.482180242157319,3.18366337374263,11.999,0,0,0.8420657004581129,0.0,0.75,0,0
1,0.0833333333333333,3,0,0,2,0.0,0,0.0915304879741054,-0.11836415069629401,-0.344931202488122,0.0532373177693646,0,5.5826534927323195,0,0.35540530061551207,0.391253449630241,0,0,0.47177417621086704,0,0.508507617696268,4.65487480450561,11.9966629889657,1,0,0.6901507924025251,0.0,1.0,0,1
1,0.0833333333333333,3,0,0,2,0.0,0,0.11549413891869198,-0.0999654505544088,-0.344953108087829,0.0453372587236036,0,5.68359018020708,0,0.783829234481926,0.48761174833762,0,0,0.418252643022416,0,0.47127036199496797,4.45973069957578,11.9966575666151,0,0,0.8709081407981519,0.0,1.0,0,0
1,0.0833333333333333,0,0,0,2,0.0,0,0.32475546238139197,-0.11271466377437199,-0.324929223874269,0.0513104632890887,0,5.36921967147073,0,0.644872649642196,0.463245684328491,0,0,0.517815604635756,0,0.466279322375231,3.3230851783627795,11.999,0,0,0.847073439465006,0.0,0.75,0,0
1,0.0895762464275441,3,0,0,2,0.0,0,2.55824558151062,-0.0957818382931071,-0.324922763494268,0.0392501581795078,0,5.29062203542961,0,0.729941341528499,0.40138878370402203,0,0,0.409141760622631,0,0.433465826071031,3.66051711100096,11.999,0,0,0.775438486104586,0.0,1.0,0,0
1,0.0833333333333333,0,0,0,2,0.0,0,0.321251566055761,-0.030391711380731004,-0.324932727950439,-0.0886958128295803,0,5.74289468817019,0,0.6873307908235711,0.509612466573191,0,0,0.44409749731148707,0,0.42290480694529603,3.85771002903518,11.999,0,0,0.7370586049433009,0.33333333333333304,1.0,0,0
1,0.0833333333333333,0,0,0,2,0.0,0,0.42470330293335795,-0.134997477161543,-0.324565854234257,0.0867289573763391,0,6.043967129772151,0,0.743590488198179,0.451376828707566,0,0,0.439304076627112,0,0.29915354699121804,4.84730885975782,11.999,0,0,0.732110399157297,0.0,1.0,0,0
1,0.0833333333333333,2,0,0,2,0.0,0,0.277711913299115,0.0193485376608905,-0.32513258511661997,-0.147004402570679,0,3.89867842552231,0,0.724888189421165,0.4112820908889121,0,0,0.50384356803483,0,0.476937859513449,3.2459321118079503,11.999,1,0,0.7383132161317522,0.0,1.0,0,0
1,0.0833333333333333,0,0,0,2,0.0,0,0.349724094452382,-0.26259492580920396,-0.324557883640039,0.20902511990267103,0,5.704465015136349,0,0.74507064008915,0.458660866079697,0,0,0.49965988741496004,1,0.521082336874904,4.68482794457272,11.999,0,0,0.6820522265762899,0.0,1.0,0,0
1,0.0833333333333333,3,0,0,1,0.0,0,0.361421568084662,-0.0984631465034806,-0.359637950630654,-0.0164422087884024,0,5.662841088670111,0,1.1262185046337099,0.472845451998038,0,0,0.41321772734152,0,0.438954837160668,4.143039794051299,11.996657569642,0,0,0.860510303807925,0.0,1.0,0,0
1,0.0833333333333333,0,0,0,1,0.0,0,0.189414341388627,-0.0315144435932747,-0.359644247101202,-0.157748861793985,0,5.722145579548959,0,1.2714850402034399,0.378485278163198,0,0,0.49489569960616403,0,0.376408434541073,3.4530558743000097,11.996648128906699,0,0,0.82335590869956,0.33333333333333304,1.0,0,0
1,0.0895762464275441,0,0,0,1,0.0,0,0.31257610748131603,-0.0806686865343916,-0.35964963401911204,0.00108289014964396,0,5.03409629469565,0,1.66883422124066,0.404709308208682,0,0,0.5162663194695979,0,0.503149895816959,3.6832346763551005,11.9966830775631,0,0,0.7580534299655319,0.0,0.75,0,0
1,0.0756873575386552,2,0,0,2,0.0,0,1.36284027584997,-0.0488899574623775,-0.31442442603089,0.0763789392279684,0,4.8887809872044405,0,1.2468207493099501,0.43886771151457704,0,0,0.405612679004355,0,0.469948151688634,3.67905785484415,11.85,0,0,0.765919365731987,0.0,0.833333333333333,0,0
0,0.0416666666666667,0,0,0,2,0.0,0,0.18073522646488,0.0445183937147137,-0.366158064235455,0.0190553198474337,0,6.17153728071136,0,3.88986584758971,0.46525972310009794,0,0,0.47851618208099,0,0.4688226399809571,2.31286945782905,11.996711788629801,0,0,0.7745124680043359,0.0,0.5,0,0
0,0.0833333333333333,0,0,0,2,0.0,0,0.09415902723946198,-0.0014733923915229699,-0.34428765721377,0.0514166784651032,0,6.36826726703371,0,0.57512082649871,0.415212583980983,0,0,0.435196958386337,0,0.43299486311631896,4.11452820721711,11.85,0,0,0.88364223904365,0.0,1.0,0,0
1,0.10206207261596599,2,0,0,2,0.0,0,1.682962039709,-0.147090035960258,-0.352326307159731,0.0113413806497896,0,4.3725921949332704,0,0.028747003978279995,0.29612918037060904,0,0,0.40667800360246503,0,0.439038057244656,2.9567629138949,11.999,0,0,0.9052017269147329,0.0,0.833333333333333,0,0
1,0.10206207261596599,2,0,0,2,0.0,0,0.76364327519749,-0.111776704165904,-0.35233121059496003,-0.0147688504319448,0,4.686964628453589,0,0.0,0.303120395186213,0,0,0.397547593844035,0,0.527407205285802,3.06939112208434,11.999,0,0,0.8182233557891241,0.0,1.0,0,0
1,0.10206207261596599,2,0,0,2,0.0,0,0.43813639511983604,-0.0676357821468107,-0.35234960567007706,-0.0259576367408334,0,5.2095781806201105,0,0.0,0.38147019091168,1,0,0.38781339360038103,0,0.563522410190977,4.16278184655542,11.999,0,0,0.9317441116234079,0.0,1.0,0,0
0,0.10206207261596599,2,0,1,2,0.0,0,1.1649243864718601,-0.18784230690354803,-0.352648708396291,-0.0468608413366852,0,4.0589338752759705,0,0.0215676335756214,0.458568450382788,1,0,0.394611958297789,0,0.59364201313076,4.99269809120548,11.999,0,0,0.9441846725529109,0.0,1.0,0,0
0,0.10206207261596599,2,0,1,2,0.0,0,0.851560859150258,-0.288781916214745,-0.38135683016038296,-0.00600126044367175,0,3.42396698157673,0,0.0,0.4784162359109,0,0,0.46859454283418894,0,0.5311475029090089,2.7016418441542593,11.9961633484291,0,0,0.804349079848143,0.0,1.0,0,0
0,0.10206207261596599,2,0,1,2,0.0,0,0.7231021806747758,-0.21233947031770398,-0.381359858047369,0.00219750725071692,0,4.961665771484371,0,0.0,0.331456017901101,0,0,0.451842041873076,0,0.5930983211378721,4.15774873196868,11.9961633521438,0,0,0.8038114037922829,0.0,1.0,0,0
0,0.20412414523193198,2,0,0,2,0.0,0,0.632536522858217,-0.0370962442906701,-0.352328476013135,-0.00247748950868763,0,5.22405955874497,0,0.0267261641970127,0.394500561924277,0,0,0.39003358567635604,0,0.522611769812205,2.6892119177066203,11.999,0,0,0.823600148165621,0.0,1.0,0,0
1,0.18539540594929896,2,0,0,2,0.0,0,0.0872032591122614,-0.0797517895829926,-0.381074127710074,-0.33818196532484396,0,4.877419098512,0,0.0,0.392983885261523,0,0,0.4916650035853879,0,0.478804082341564,2.7011211709647798,11.996141432925901,0,0,0.899616283834782,0.0,1.0,0,0
0,0.18539540594929896,2,0,0,2,0.0,0,1.8329540464825902,-0.0251903041164252,-0.35235044393966797,-0.0236412323694398,0,5.22688536736605,0,0.0,0.47844796512746995,0,0,0.516129272014764,0,0.585217774670218,3.4500626811560697,11.999,0,2,0.8066271721716851,0.0,0.875,0,0
0,0.10206207261596599,2,0,0,2,0.0,0,0.0,0.0165624209277464,-0.384046771253637,-0.020942923875338002,0,4.551694086519401,0,4.89691109367912,0.258495810258009,0,0,0.40881192194046295,0,0.400769075797084,2.81271085700907,11.9961863702594,0,0,0.71698883836744,0.0,0.8,0,0
0,0.10206207261596599,2,0,0,2,0.0,0,0.0,0.0216797519783792,-0.352425598966976,-0.0177465288325516,0,5.20657785316578,0,0.0316452087816413,0.253698093455397,0,0,0.407493880657153,0,0.439754577994572,2.57604061611777,11.999,0,0,0.90898133785313,0.0,1.0,0,0
0,0.10206207261596599,3,0,0,2,0.0,0,0.0,0.0181427971910188,-0.381149944572944,-0.0208949098375436,0,5.0146628356029295,0,3.49044416764518,0.26122084080040603,0,0,0.36595756701959,0,0.38878166647754,3.01872153323772,11.9961702451948,1,0,0.906182288492112,0.0,0.833333333333333,0,1
0,0.10206207261596599,2,0,0,2,0.0,0,1.00189833387301,0.0190384980270076,-0.352344127769306,-0.0393388136438179,0,5.205248702036769,0,0.0,0.264750409941939,0,0,0.433564729687116,1,0.5035297140591,3.2411360370989595,11.999,0,0,0.913493387943245,0.0,1.0,0,0
1,0.10206207261596599,2,0,0,2,0.0,0,1.30272004782783,-0.011107608282319999,-0.35233583099545895,-0.0122962363250138,0,4.77693390258961,0,0.0,0.24300216505940697,0,0,0.40579729766104794,0,0.43913915797771996,3.27067580198256,11.999,0,0,0.784060649572831,0.0,0.857142857142857,0,0
2,0.10206207261596599,2,0,0,2,0.0,0,0.876459420859851,-0.0432097916493805,-0.352369595167327,0.0149942814617895,0,4.431338042982571,0,0.0,0.218473226282048,0,0,0.432850754398826,0,0.461995148963969,4.10638201048263,11.85,0,0,0.8650201770734699,0.0,1.0,0,0
2,0.10206207261596599,2,0,0,2,0.0,0,0.893025599510317,-0.0047074435143062395,-0.352375677189139,0.01710574273486,1,4.11696833650675,0,0.0225917744632504,0.23275809800386102,0,0,0.423399394743122,0,0.45549808270900005,3.54261925238737,11.999,0,0,0.7880639443718879,0.0,0.875,0,0
2,0.10206207261596599,2,0,0,2,0.0,0,0.779287428478494,-0.0305971023249165,-0.35236496479694396,0.000403054414772097,0,4.86776040831345,0,0.0,0.277362259964624,0,0,0.440396418537045,0,0.605207461420854,4.30746975097365,11.85,0,0,0.7839579798028959,0.0,0.8888888888888891,0,0
2,0.10206207261596599,2,0,0,2,0.0,0,1.1141933607818302,0.10084395491466999,-0.35238657058085204,-0.13825214982414402,0,4.7352385534008,0,0.0201976734774485,0.25580624843445005,1,0,0.449860138764759,0,0.62838492493749,5.373439816850881,11.999,0,0,0.7889157139752071,0.0,0.9,1,0
2,0.10206207261596599,2,0,0,2,0.0,0,0.531059163935275,0.076409673395926,-0.352361841496534,-0.39859428770782396,0,4.404757960528441,0,0.0217704775962505,0.291585303700919,0,0,0.347427156511401,0,0.5640009979706609,2.56030053133875,11.999,0,0,0.9382731991717459,0.0,0.875,0,0
0,0.10206207261596599,2,0,0,2,0.0,0,0.0,0.0187519881412201,-0.3761079294606529,-0.0208443462778826,0,5.20484224525103,0,1.78149284292478,0.33424731281257397,1,0,0.363589742986819,0,0.5196082849942439,3.16290538629753,11.999,0,0,0.7907517481156591,0.0,0.8888888888888891,0,0
0,0.10206207261596599,2,0,0,2,0.0,0,0.0,0.0280525560773117,-0.37609707113693996,-0.0190709223549383,0,3.9783897012716096,0,2.34113414576492,0.34324566760751696,0,0,0.356202301339102,0,0.47000343253179,2.82635917274889,11.999,0,0,0.786679274788045,0.0,1.0,0,0
0,0.10206207261596599,2,0,0,2,0.0,0,0.0,0.13121639770371502,-0.374535742156994,-0.0805853732651353,0,5.20342095451609,0,1.68700854817291,0.25159463794218107,0,0,0.393826337542988,0,0.432358876752436,3.1002383782076097,11.999,0,0,0.7691704226571942,0.0,0.857142857142857,0,0
0,0.10206207261596599,2,0,0,2,0.0,0,0.0,0.0390619851843863,-0.376095528503418,-0.12468068100829101,0,5.20390914143236,0,2.27916563073016,0.345571875296126,0,0,0.355313121448543,0,0.46979960060960096,2.78775265578628,11.999,0,0,0.81271622123713,0.0,0.857142857142857,0,0
1,0.10206207261596599,2,0,0,2,0.0,0,0.0,0.0351408575650398,-0.42725750150012104,-0.12126798485098599,0,5.2044056662001,0,2.2660110646422997,0.336624610197205,0,0,0.35895943347118603,0,0.488250289712867,2.9119497597278303,11.999,4,0,0.867059565860002,0.0,1.0,0,0
0,0.0833333333333333,0,0,0,2,0.0,0,0.136414967143733,-0.00546914559258298,-0.381054006217214,0.0537336739275448,0,5.08857391180067,1,1.8525276843561798,0.46878731522225997,0,0,0.45356053980158595,0,0.542942089653971,2.69594449604719,11.996195909910801,0,0,0.8269328535617858,0.0,0.75,0,0
0,0.7422271155609208,2,0,0,2,0.0,0,3.18755468623372,0.0164275887569176,-0.395772876015355,0.00175670540802183,0,4.39604484213938,1,7.150997124271059,0.30861174089163396,0,0,0.438498790540625,0,0.470141743213043,2.4936122620228,11.9,0,0,0.8326592700694341,0.0,1.0,0,0
0,0.7422271155609208,2,0,0,2,0.0,0,0.0,0.0126318634696357,-0.376101091348517,-0.0157499593065176,0,5.28266633740644,1,2.33294396416299,0.310366889757587,0,0,0.383355500976442,0,0.439113490022629,3.1154377163165097,11.9,0,0,0.8471190476747529,0.0,0.857142857142857,0,0
0,0.0895762464275441,2,0,0,2,0.0,0,2.27971173183663,-0.107037472227393,-0.392269436141702,0.0439278485155694,0,5.05181771629438,0,4.03131203618588,0.471602186684637,0,0,0.40037801036864007,0,0.40890833533481397,4.486917752949361,11.999,0,0,0.782654749128917,0.0,0.8,0,0
0,0.0895762464275441,0,0,0,2,0.0,0,0.0,-0.10536831115220699,-0.35232665735807106,0.0425943618409115,0,4.33439644299613,0,0.618091052458985,0.4307595624927629,0,0,0.42600714347634,0,0.4410002229857671,4.14498317575004,11.999,1,0,0.7779356082880241,0.0,1.0,0,0
1,0.0895762464275441,2,0,0,2,0.0,0,0.0,-0.10910461168882901,-0.35232493375372,-0.0223952821177931,0,5.050654575913461,0,0.719606456986799,0.456552356928109,0,0,0.416795954401728,0,0.445979631732318,4.084426534128919,11.999,0,0,0.7722626815754251,0.0,0.8,0,0
1,0.10206207261596599,0,0,0,2,0.0,0,0.5384470010021151,-0.0936668918683121,-0.314387406830591,0.0332036036181594,0,4.411073451073969,0,2.13254795141971,0.512297045776713,0,0,0.43860613204659404,0,0.48683311673261104,2.64880918620915,11.999,0,0,0.791872508375635,0.0,0.5,0,0
2,0.0895762464275441,2,0,0,2,0.0,0,0.0,-0.13207414667355902,-0.35197652653120504,0.0415155397802337,0,5.05034248632832,0,0.7850431603592959,0.475002382282416,0,0,0.433531913152431,0,0.46078958791217,3.8889073676627497,11.999,0,0,0.811206508621792,0.0,0.8,0,0
0,0.0895762464275441,0,0,0,2,0.0,0,0.0663173810562812,-0.0875264648030569,-0.351982026420772,0.0364886791057108,0,4.0114033203125,0,0.553338013245767,0.43965825411564,0,0,0.41660000940565206,0,0.437537264523533,4.1252433565929705,11.999,0,0,0.7484326613645759,0.0,1.0,0,0
0,0.20742737662530197,2,0,0,2,0.0,0,1.33335637427747,-0.0858990669820978,-0.35198132877633503,-0.0151086723746404,0,4.94230859375,0,0.708332885799527,0.45477385667959297,0,0,0.40976071521653,0,0.42251266471427396,4.271665913370859,11.999,0,0,0.781280383707928,0.0,0.8,0,0
0,0.19163831904351,0,0,0,2,0.0,0,0.0,-0.0326050065091577,-0.38699402594252,0.0076978470535444795,0,5.0499796534743,0,4.069124442296,0.45440735805228205,0,0,0.42171964062322703,0,0.3717334495424411,4.241179089595589,11.89,0,0,0.76076973252349,0.0,0.8,0,0
1,0.0895762464275441,0,0,0,2,0.0,0,0.0,-0.0120235962931146,-0.320409743340709,0.0567081389782264,0,6.3606679875981795,0,4.56363244947851,0.4542429012185779,0,0,0.49628535293148207,0,0.46722148965967,2.6985926141218,11.999,1,0,0.8810270253737691,0.0,0.75,0,0
0,0.0416666666666667,0,0,0,1,0.0,0,0.19681355509781898,0.0667229331399958,-0.35065618842307394,0.0337576071700959,0,4.450048313095429,0,2.78179918892066,0.47838518161166793,0,0,0.518492356389204,0,0.552064032613349,1.8064735298526697,11.999,1,0,0.674551951509328,0.0,0.75,0,0
0,0.0895762464275441,0,0,0,2,0.0,0,0.0,-0.13874340221469,-0.35168669479886705,0.10145694872753099,0,6.3893802271594,0,4.57836171564133,0.44419578828111894,0,0,0.39491675593118897,0,0.466064643878095,3.9469843229159802,11.9966689839138,0,0,0.869528950918603,0.0,0.6,0,0
0,0.0895762464275441,0,0,0,3,0.0,0,0.0261630260169451,0.0186332502676827,-0.34895096508067497,0.0276056680342469,0,6.3950895363867994,0,3.3826758732407898,0.48334794181796403,0,0,0.432137648433669,0,0.561151178829057,3.7288416934876203,11.9966756438091,0,0,0.7821692666301491,0.0,0.75,0,0
0,0.0,5,0,0,0,0.0,0,3.5223158800092595,0.009951852655022471,-0.36786203783482896,0.0561562759697651,0,4.67443969284695,0,4.73590462064755,0.48042551306120096,0,0,0.380052440308785,0,0.46735521466302,2.2297550684898,11.89,0,0,0.8266398828005359,0.0,0.8,0,0
0,0.0895762464275441,0,0,0,2,0.0,0,3.33377653935691,-0.008413810735280391,-0.367574208531726,-0.0074636455652965904,0,5.30997044828664,0,5.008075161681701,0.49604330835275895,0,0,0.503119712981274,0,0.478160782723741,3.6535032062626405,11.999,0,0,0.830042046114995,0.0,0.75,0,0
0,0.0895762464275441,0,0,0,2,0.0,0,0.0,0.0011734685113429198,-0.348671323983212,0.0306043666583532,0,6.3497444903880504,0,3.8074004035600697,0.48667237885830605,0,0,0.5067272126070089,0,0.480880313973666,3.39559277640046,11.999,0,0,0.8437541586785521,0.0,0.75,0,0
0,0.0895762464275441,0,0,0,2,0.0,0,0.0,-0.0288520518207792,-0.345561773611508,0.0363035200677539,0,6.3162092616895995,0,4.52416333341391,0.49590152137555604,0,0,0.42106988530943895,0,0.41067413225049804,4.0107811234975,11.996691450186901,0,0,0.761561096321297,0.0,0.5,0,0
0,0.0416666666666667,0,0,0,1,0.0,0,0.393627110195639,0.0667229331399958,-0.35065618842307394,0.0337576071700959,0,4.450048313095429,0,4.978745718176049,0.44650873630096705,0,0,0.5127391793895639,0,0.522301655091494,1.97655181272789,11.999,1,0,0.747957424783967,0.0,0.75,0,0
1,0.0,5,0,0,0,0.0,0,0.6287598739694991,-0.00685402897815327,-0.312608368800652,0.0445402643268525,0,4.365128743735109,0,0.113398662792814,0.49897238890239903,0,0,0.35011799733603904,0,0.46055229994413793,2.0916201934585903,11.89,0,0,0.974354931276603,0.0,1.0,0,0
0,0.23391381372495104,0,0,0,2,0.0,0,2.2212637480535804,-0.137757331602153,-0.34416856239257,0.10485770222816901,0,3.52237188720703,0,0.11920240821505901,0.443848504052253,1,0,0.404989527690076,0,0.436997433961541,3.7528097325960696,11.999,0,0,0.885227887237094,0.0,1.0,0,0
1,0.0895762464275441,3,0,0,2,0.0,0,1.5203778355686102,-0.27503646063658505,-0.343714601196365,0.288414759757121,1,4.05251278848663,0,0.0,0.465078968668615,0,0,0.439274684388965,0,0.46703832084366204,4.99499400970608,11.999,0,0,0.8648623957699001,0.0,1.0,0,0
